In,Out
-0.4444,-0.15218
0.2828,0.53866
0.2751,0.531345
0.1877,0.448315
0.4414,0.68933
0.0457,0.313415
0.203,0.46285
-0.0429,0.229245
-0.0867,0.187635
-0.4541,-0.161395
0.2344,0.49268
0.1918,0.45221
-0.3298,-0.04331
-0.2411,0.040955
0.4958,0.74101
-0.168,0.1104
0.4999,0.744905
-0.4408,-0.14876
-0.0159,0.254895
-0.3111,-0.025545
0.0809,0.346855
-0.0799,0.194095
-0.3194,-0.03343
-0.2727,0.010935
0.1096,0.37412
0.1405,0.403475
-0.2102,0.07031
-0.4371,-0.145245
-0.2785,0.005425
0.3172,0.57134
0.2265,0.485175
0.1489,0.411455
-0.3927,-0.103065
0.3772,0.62834
0.2259,0.484605
0.2118,0.47121
-0.4919,-0.197305
0.0165,0.285675
0.4819,0.727805
0.1146,0.37887
-0.4362,-0.14439
0.2476,0.50522
0.4412,0.68914
-0.0803,0.193715
-0.4198,-0.12881
0.458,0.7051
-0.2228,0.05834
0.4984,0.74348
0.4252,0.67394
0.2289,0.487455
0.2981,0.553195
0.2067,0.466365
-0.1378,0.13909
-0.0441,0.228105
0.3862,0.63689
-0.102,0.1731
-0.208,0.0724
-0.3536,-0.06592
0.42,0.669
0.0132,0.28254
-0.1808,0.09824
0.0203,0.289285
0.22,0.479
0.2287,0.487265
0.3278,0.58141
-0.0331,0.238555
0.3484,0.60098
-0.0092,0.26126
0.1006,0.36557
-0.3979,-0.108005
-0.2829,0.001245
0.1171,0.381245
0.1342,0.39749
-0.0271,0.244255
0.2252,0.48394
-0.421,-0.12995
-0.0349,0.236845
-0.4791,-0.185145
-0.1488,0.12864
0.3397,0.592715
-0.3958,-0.10601
0.3295,0.583025
0.3815,0.632425
-0.0943,0.180415
0.4149,0.664155
-0.3001,-0.015095
-0.0028,0.26734
-0.3599,-0.071905
0.1319,0.395305
0.0839,0.349705
-0.3043,-0.019085
-0.2424,0.03972
-0.3369,-0.050055
-0.1926,0.08703
-0.0457,0.226585
-0.372,-0.0834
-0.1196,0.15638
-0.1224,0.15372
0.2956,0.55082
0.4046,0.65437
-0.3946,-0.10487
-0.4756,-0.18182
0.4715,0.717925
0.0758,0.34201
-0.4157,-0.124915
0.4479,0.695505
-0.2809,0.003145
-0.0659,0.207395
0.3021,0.556995
0.3025,0.557375
-0.1512,0.12636
0.1027,0.367565
-0.1028,0.17234
0.0088,0.27836
0.4595,0.706525
0.4119,0.661305
0.1327,0.396065
-0.3491,-0.061645
-0.3333,-0.046635
0.1419,0.404805
-0.4882,-0.19379
0.1753,0.436535
0.1832,0.44404
-0.3912,-0.10164
0.0581,0.325195
-0.3803,-0.091285
0.3669,0.618555
0.3007,0.555665
-0.2397,0.042285
-0.0346,0.23713
-0.4671,-0.173745
0.466,0.7127
0.2078,0.46741
0.3758,0.62701
0.2213,0.480235
-0.2464,0.03592
0.0616,0.32852
-0.49,-0.1955
-0.0073,0.263065
-0.1955,0.084275
0.2351,0.493345
0.022,0.2909
0.4413,0.689235
-0.0526,0.22003
0.4794,0.72543
0.2967,0.551865
0.2249,0.483655
-0.0492,0.22326
-0.1938,0.08589
-0.4185,-0.127575
-0.0011,0.268955
-0.0022,0.26791
0.0309,0.299355
0.4681,0.714695
-0.0485,0.223925
-0.4226,-0.13147
-0.4006,-0.11057
-0.0411,0.230955
0.0068,0.27646
0.2032,0.46304
0.4539,0.701205
0.4769,0.723055
0.0898,0.35531
0.3121,0.566495
-0.4216,-0.13052
0.3192,0.57324
0.1246,0.38837
0.0963,0.361485
0.4201,0.669095
-0.3109,-0.025355
-0.4639,-0.170705
0.2974,0.55253
0.147,0.40965
-0.4028,-0.11266
-0.3013,-0.016235
-0.0878,0.18659
-0.0736,0.20008
0.0588,0.32586
-0.077,0.19685
0.4424,0.69028
0.3513,0.603735
-0.458,-0.1651
-0.2953,-0.010535
-0.0579,0.214995
0.0454,0.31313
0.3506,0.60307
0.3588,0.61086
0.0544,0.32168
-0.448,-0.1556
-0.4696,-0.17612
-0.0094,0.26107
-0.1847,0.094535
0.4485,0.696075
0.4672,0.71384
0.1911,0.451545
0.1872,0.44784
0.1799,0.440905
-0.0799,0.194095
-0.3912,-0.10164
0.3104,0.56488
0.3407,0.593665
-0.1925,0.087125
0.0332,0.30154
-0.227,0.05435
0.0797,0.345715
0.2133,0.472635
0.181,0.44195
0.2673,0.523935
-0.3857,-0.096415
0.3328,0.58616
0.1238,0.38761
0.1315,0.394925
0.2255,0.484225
-0.1848,0.09444
0.347,0.59965
0.0563,0.323485
-0.4638,-0.17061
-0.263,0.02015
0.3868,0.63746
0.228,0.4866
0.0151,0.284345
-0.4529,-0.160255
0.1682,0.42979
-0.0529,0.219745
-0.1771,0.101755
-0.2509,0.031645
0.0332,0.30154
0.4585,0.705575
0.2806,0.53657
0.1324,0.39578
-0.1354,0.14137
0.0886,0.35417
-0.2499,0.032595
-0.2353,0.046465
-0.2904,-0.00588
0.4051,0.654845
0.1673,0.428935
-0.1198,0.15619
0.1698,0.43131
0.369,0.62055
0.2007,0.460665
0.1325,0.395875
-0.246,0.0363
-0.2155,0.065275
0.1888,0.44936
0.4883,0.733885
0.1106,0.37507
0.2563,0.513485
-0.0454,0.22687
0.3413,0.594235
-0.2253,0.055965
0.2555,0.512725
0.2623,0.519185
-0.282,0.0021
-0.1447,0.132535
-0.4999,-0.204905
0.203,0.46285
0.35,0.6025
-0.0773,0.196565
-0.4051,-0.114845
0.2545,0.511775
-0.043,0.22915
0.1925,0.452875
0.2888,0.54436
0.1435,0.406325
-0.3094,-0.02393
0.0908,0.35626
0.0011,0.271045
0.1673,0.428935
-0.111,0.16455
-0.3737,-0.085015
0.3955,0.645725
-0.2939,-0.009205
0.3562,0.60839
0.4856,0.73132
-0.4324,-0.14078
0.3616,0.61352
-0.1324,0.14422
0.0297,0.298215
0.2168,0.47596
0.3178,0.57191
-0.3748,-0.08606
-0.1083,0.167115
-0.2899,-0.005405
0.2649,0.521655
-0.4888,-0.19436
-0.4345,-0.142775
-0.2336,0.04808
0.4143,0.663585
0.4098,0.65931
0.3184,0.57248
0.0375,0.305625
0.3461,0.598795
-0.0219,0.249195
-0.2653,0.017965
-0.4476,-0.15522
-0.2722,0.01141
0.3345,0.587775
-0.3684,-0.07998
-0.3396,-0.05262
0.132,0.3954
0.1321,0.395495
-0.2718,0.01179
-0.0652,0.20806
0.2324,0.49078
-0.0091,0.261355
-0.2356,0.04618
0.4534,0.70073
0.3772,0.62834
-0.0912,0.18336
0.0169,0.286055
-0.2093,0.071165
0.0729,0.339255
0.2906,0.54607
0.061,0.32795
0.3051,0.559845
-0.4513,-0.158735
-0.0832,0.19096
0.3008,0.55576
0.3084,0.56298
-0.4872,-0.19284
-0.3179,-0.032005
0.0052,0.27494
-0.2462,0.03611
-0.1179,0.157995
0.483,0.72885
-0.2726,0.01103
-0.2598,0.02319
-0.0632,0.20996
0.2155,0.474725
0.2592,0.51624
-0.2389,0.043045
-0.2717,0.011885
-0.0701,0.203405
-0.4218,-0.13071
-0.4476,-0.15522
0.0008,0.27076
-0.0581,0.214805
-0.3205,-0.034475
0.1017,0.366615
-0.3185,-0.032575
0.4495,0.697025
0.1442,0.40699
-0.2158,0.06499
0.295,0.55025
0.4304,0.67888
0.4746,0.72087
0.1808,0.44176
-0.1906,0.08893
-0.0496,0.22288
0.1679,0.429505
-0.2068,0.07354
-0.4474,-0.15503
0.323,0.57685
-0.4726,-0.17897
0.0474,0.31503
-0.4208,-0.12976
0.1502,0.41269
0.1031,0.367945
-0.4002,-0.11019
0.1765,0.437675
-0.4904,-0.19588
-0.279,0.00495
-0.426,-0.1347
0.3107,0.565165
0.158,0.4201
0.4973,0.742435
-0.233,0.04865
-0.4117,-0.121115
0.3257,0.579415
0.2366,0.49477
-0.4263,-0.134985
0.4631,0.709945
0.1041,0.368895
-0.4926,-0.19797
0.2791,0.535145
0.3982,0.64829
0.4436,0.69142
-0.3064,-0.02108
0.3996,0.64962
-0.1269,0.149445
-0.4679,-0.174505
0.4068,0.65646
-0.3343,-0.047585
0.3757,0.626915
-0.137,0.13985
0.0124,0.28178
-0.2827,0.001435
-0.1188,0.15714
-0.4449,-0.152655
0.2626,0.51947
0.1797,0.440715
-0.2352,0.04656
0.1873,0.447935
-0.4508,-0.15826
-0.3142,-0.02849
0.3008,0.55576
0.043,0.31085
0.0261,0.294795
-0.4058,-0.11551
-0.413,-0.12235
-0.4213,-0.130235
-0.4578,-0.16491
0.3179,0.572005
0.0767,0.342865
-0.3391,-0.052145
0.0586,0.32567
-0.2245,0.056725
0.1746,0.43587
-0.1985,0.081425
-0.1557,0.122085
-0.2229,0.058245
-0.2545,0.028225
0.4304,0.67888
0.4455,0.693225
-0.3526,-0.06497
-0.1344,0.14232
0.4189,0.667955
0.0688,0.33536
-0.4014,-0.11133
-0.3225,-0.036375
0.2924,0.54778
0.4007,0.650665
0.0187,0.287765
0.4702,0.71669
0.3699,0.621405
0.3777,0.628815
-0.1259,0.150395
0.214,0.4733
0.4107,0.660165
-0.0041,0.266105
-0.127,0.14935
-0.3895,-0.100025
0.2969,0.552055
-0.2462,0.03611
0.2934,0.54873
0.3689,0.620455
-0.0034,0.26677
-0.041,0.23105
0.464,0.7108
-0.0676,0.20578
-0.249,0.03345
0.0675,0.334125
0.1194,0.38343
0.0613,0.328235
-0.4772,-0.18334
-0.4672,-0.17384
-0.3634,-0.07523
-0.1152,0.16056
0.3522,0.60459
0.28,0.536
-0.443,-0.15085
-0.4798,-0.18581
0.3475,0.600125
-0.4856,-0.19132
-0.3496,-0.06212
-0.3526,-0.06497
-0.3428,-0.05566
0.4758,0.72201
-0.3285,-0.042075
0.394,0.6443
-0.3335,-0.046825
0.0385,0.306575
-0.3983,-0.108385
-0.4739,-0.180205
-0.1212,0.15486
-0.4617,-0.168615
0.0461,0.313795
0.0045,0.274275
0.1933,0.453635
-0.3789,-0.089955
0.2168,0.47596
-0.3143,-0.028585
-0.3896,-0.10012
0.3224,0.57628
0.3535,0.605825
-0.3019,-0.016805
-0.2631,0.020055
-0.0647,0.208535
0.3041,0.558895
-0.3572,-0.06934
-0.1685,0.109925
-0.1044,0.17082
-0.4093,-0.118835
0.0599,0.326905
-0.0087,0.261735
0.1484,0.41098
0.2728,0.52916
0.1781,0.439195
0.3488,0.60136
0.27,0.5265
0.089,0.35455
-0.3588,-0.07086
0.101,0.36595
0.0612,0.32814
-0.4337,-0.142015
-0.1526,0.12503
0.4687,0.715265
0.1622,0.42409
0.229,0.48755
-0.4852,-0.19094
0.3654,0.61713
0.0505,0.317975
-0.2231,0.058055
0.1274,0.39103
0.1671,0.428745
0.3762,0.62739
-0.2279,0.053495
-0.0661,0.207205
0.4341,0.682395
0.1468,0.40946
-0.0063,0.264015
-0.4447,-0.152465
0.0371,0.305245
-0.2008,0.07924
0.3517,0.604115
-0.3899,-0.100405
0.2221,0.480995
0.4205,0.669475
0.4675,0.714125
0.1246,0.38837
-0.0374,0.23447
0.1899,0.450405
0.004,0.2738
0.2751,0.531345
0.3016,0.55652
-0.121,0.15505
-0.4881,-0.193695
-0.2135,0.067175
-0.4496,-0.15712
-0.408,-0.1176
-0.0362,0.23561
-0.1362,0.14061
0.4131,0.662445
-0.2672,0.01616
-0.3705,-0.081975
0.4405,0.688475
0.3268,0.58046
-0.3598,-0.07181
-0.2375,0.044375
-0.3328,-0.04616
-0.3818,-0.09271
-0.4173,-0.126435
-0.3316,-0.04502
-0.3085,-0.023075
0.3947,0.644965
-0.1035,0.171675
-0.2021,0.078005
-0.3917,-0.102115
-0.1136,0.16208
0.0472,0.31484
0.0041,0.273895
0.3517,0.604115
-0.4548,-0.16206
-0.4935,-0.198825
-0.0702,0.20331
0.4071,0.656745
-0.0069,0.263445
0.2177,0.476815
-0.3771,-0.088245
0.4789,0.724955
-0.4858,-0.19151
0.246,0.5037
-0.1257,0.150585
0.4193,0.668335
0.3231,0.576945
0.1559,0.418105
0.1631,0.424945
-0.1446,0.13263
0.1729,0.434255
-0.453,-0.16035
0.1038,0.36861
-0.2219,0.059195
0.2569,0.514055
-0.3346,-0.04787
0.2077,0.467315
0.0969,0.362055
-0.4709,-0.177355
0.4142,0.66349
0.3182,0.57229
-0.0038,0.26639
0.418,0.6671
0.032,0.3004
0.1628,0.42466
-0.0896,0.18488
0.1666,0.42827
0.1304,0.39388
-0.1879,0.091495
0.4171,0.666245
-0.0138,0.25689
-0.2833,0.000865
-0.0853,0.188965
0.2425,0.500375
0.1666,0.42827
-0.2028,0.07734
-0.3534,-0.06573
0.3465,0.599175
-0.2061,0.074205
-0.0773,0.196565
0.2765,0.532675
0.1114,0.37583
0.2378,0.49591
0.3354,0.58863
-0.0214,0.24967
-0.3864,-0.09708
0.0819,0.347805
-0.2818,0.00229
0.3344,0.58768
0.0226,0.29147
-0.3447,-0.057465
-0.0535,0.219175
-0.171,0.10755
-0.3848,-0.09556
-0.177,0.10185
0.1361,0.399295
0.0251,0.293845
0.394,0.6443
-0.1763,0.102515
-0.4277,-0.136315
0.3363,0.589485
0.4694,0.71593
0.0714,0.33783
0.3207,0.574665
-0.1248,0.15144
-0.0654,0.20787
0.2964,0.55158
-0.2951,-0.010345
0.1435,0.406325
-0.2098,0.07069
-0.2646,0.01863
0.1835,0.444325
0.4144,0.66368
-0.0916,0.18298
0.3564,0.60858
-0.3359,-0.049105
-0.2274,0.05397
0.0427,0.310565
0.374,0.6253
-0.2222,0.05891
0.3909,0.641355
0.0637,0.330515
0.4237,0.672515
0.3171,0.571245
0.4349,0.683155
0.3874,0.63803
0.1716,0.43302
-0.3256,-0.03932
-0.168,0.1104
-0.0911,0.183455
-0.0367,0.235135
-0.2653,0.017965
0.3619,0.613805
0.2275,0.486125
0.2594,0.51643
-0.1001,0.174905
-0.3353,-0.048535
0.3458,0.59851
0.3693,0.620835
0.387,0.63765
-0.1484,0.12902
0.2453,0.503035
-0.0821,0.192005
-0.3965,-0.106675
0.2254,0.48413
0.3729,0.624255
0.1834,0.44423
0.2218,0.48071
-0.4417,-0.149615
0.2459,0.503605
0.4714,0.71783
0.1258,0.38951
-0.4398,-0.14781
0.2978,0.55291
-0.2407,0.041335
0.104,0.3688
0.1342,0.39749
0.4393,0.687335
-0.4367,-0.144865
-0.221,0.06005
-0.2967,-0.011865
0.3406,0.59357
-0.4205,-0.129475
0.1664,0.42808
-0.0081,0.262305
0.2614,0.51833
0.2436,0.50142
0.2889,0.544455
0.2844,0.54018
0.4574,0.70453
0.3683,0.619885
-0.1736,0.10508
-0.4288,-0.13736
-0.4555,-0.162725
0.2918,0.54721
0.4395,0.687525
-0.1664,0.11192
0.1092,0.37374
0.3292,0.58274
-0.4176,-0.12672
0.1895,0.450025
0.3883,0.638885
-0.3113,-0.025735
0.1362,0.39939
-0.378,-0.0891
-0.1647,0.113535
0.2145,0.473775
-0.1587,0.119235
-0.2819,0.002195
-0.2101,0.070405
0.4607,0.707665
0.4166,0.66577
0.1795,0.440525
-0.4617,-0.168615
0.032,0.3004
-0.0215,0.249575
-0.4494,-0.15693
0.4871,0.732745
-0.1199,0.156095
0.4693,0.715835
0.1826,0.44347
0.3729,0.624255
0.4199,0.668905
0.1387,0.401765
0.2022,0.46209
0.4693,0.715835
0.317,0.57115
0.4375,0.685625
-0.3868,-0.09746
0.2364,0.49458
-0.2051,0.075155
0.425,0.67375
-0.0973,0.177565
-0.4229,-0.131755
0.1949,0.455155
-0.2742,0.00951
0.4693,0.715835
0.21,0.4695
0.0418,0.30971
0.2987,0.553765
-0.3327,-0.046065
-0.1713,0.107265
-0.1384,0.13852
-0.2571,0.025755
-0.487,-0.19265
0.0582,0.32529
-0.3038,-0.01861
-0.1571,0.120755
-0.1616,0.11648
0.2658,0.52251
0.012,0.2814
0.4533,0.700635
-0.3723,-0.083685
0.4672,0.71384
0.3504,0.60288
-0.3106,-0.02507
0.0852,0.35094
-0.3494,-0.06193
-0.1287,0.147735
0.4699,0.716405
-0.3219,-0.035805
-0.0391,0.232855
-0.2193,0.061665
0.0288,0.29736
0.479,0.72505
0.3439,0.596705
-0.2489,0.033545
-0.06,0.213
-0.1686,0.10983
-0.4126,-0.12197
0.0256,0.29432
0.3527,0.605065
0.3643,0.616085
-0.3072,-0.02184
0.0317,0.300115
0.1388,0.40186
0.473,0.71935
-0.2989,-0.013955
-0.4181,-0.127195
-0.3011,-0.016045
0.3644,0.61618
-0.4709,-0.177355
0.3856,0.63632
0.1632,0.42504
-0.3902,-0.10069
0.3406,0.59357
0.3537,0.606015
0.1751,0.436345
0.3797,0.630715
0.365,0.61675
-0.0272,0.24416
0.4092,0.65874
0.2623,0.519185
-0.4558,-0.16301
0.1797,0.440715
-0.3731,-0.084445
0.0037,0.273515
-0.4198,-0.12881
-0.1191,0.156855
-0.3156,-0.02982
0.3498,0.60231
-0.0372,0.23466
0.2681,0.524695
0.086,0.3517
0.2506,0.50807
0.2351,0.493345
0.2388,0.49686
0.3744,0.62568
0.1582,0.42029
0.3551,0.607345
0.1587,0.420765
-0.4594,-0.16643
0.2004,0.46038
0.1456,0.40832
-0.1013,0.173765
-0.3298,-0.04331
0.3884,0.63898
0.4246,0.67337
-0.3063,-0.020985
-0.4451,-0.152845
0.1996,0.45962
-0.1369,0.139945
0.1847,0.445465
-0.3162,-0.03039
-0.4149,-0.124155
-0.4837,-0.189515
0.3311,0.584545
-0.0087,0.261735
0.1631,0.424945
-0.4912,-0.19664
-0.3548,-0.06706
-0.1353,0.141465
0.3817,0.632615
-0.1423,0.134815
-0.0345,0.237225
0.1172,0.38134
0.0373,0.305435
0.4624,0.70928
-0.4062,-0.11589
0.1193,0.383335
-0.0197,0.251285
-0.4983,-0.203385
-0.4242,-0.13299
-0.3813,-0.092235
-0.3808,-0.09176
-0.3068,-0.02146
-0.4254,-0.13413
-0.3125,-0.026875
0.3801,0.631095
-0.2991,-0.014145
-0.1421,0.135005
0.3456,0.59832
-0.2032,0.07696
-0.2366,0.04523
0.1441,0.406895
-0.2233,0.057865
0.4669,0.713555
-0.3948,-0.10506
-0.1897,0.089785
0.3613,0.613235
0.0806,0.34657
0.2704,0.52688
-0.1535,0.124175
0.3075,0.562125
0.2912,0.54664
-0.1499,0.127595
0.2373,0.495435
0.275,0.53125
0.2858,0.54151
0.3324,0.58578
-0.1346,0.14213
-0.4102,-0.11969
-0.4581,-0.165195
0.4467,0.694365
0.2121,0.471495
0.2037,0.463515
0.19,0.4505
-0.039,0.23295
-0.2537,0.028985
-0.0685,0.204925
0.3526,0.60497
0.321,0.57495
0.4979,0.743005
-0.4201,-0.129095
0.4723,0.718685
-0.0487,0.223735
0.3181,0.572195
-0.2721,0.011505
-0.413,-0.12235
-0.064,0.2092
-0.1358,0.14099
0.4167,0.665865
-0.1241,0.152105
-0.0904,0.18412
0.0029,0.272755
0.3049,0.559655
0.3983,0.648385
-0.0196,0.25138
0.1759,0.437105
-0.3362,-0.04939
-0.4528,-0.16016
0.3133,0.567635
0.4958,0.74101
-0.3004,-0.01538
-0.2223,0.058815
0.192,0.4524
-0.1644,0.11382
-0.3718,-0.08321
-0.1254,0.15087
-0.324,-0.0378
-0.0163,0.254515
-0.3791,-0.090145
-0.2296,0.05188
-0.1826,0.09653
-0.463,-0.16985
-0.3524,-0.06478
0.392,0.6424
0.2949,0.550155
-0.1946,0.08513
-0.0832,0.19096
-0.1265,0.149825
-0.2568,0.02604
0.1713,0.432735
-0.0883,0.186115
0.3562,0.60839
0.486,0.7317
-0.4507,-0.158165
0.4641,0.710895
-0.2407,0.041335
0.4926,0.73797
0.1132,0.37754
0.4835,0.729325
0.4074,0.65703
0.2006,0.46057
-0.4633,-0.170135
0.1372,0.40034
-0.0658,0.20749
-0.1402,0.13681
-0.2494,0.03307
-0.3164,-0.03058
-0.288,-0.0036
-0.1654,0.11287
-0.478,-0.1841
0.3831,0.633945
-0.3394,-0.05243
0.0785,0.344575
0.4379,0.686005
-0.0141,0.256605
-0.2757,0.008085
-0.3648,-0.07656
0.3891,0.639645
0.0595,0.326525
0.1765,0.437675
0.2523,0.509685
0.3112,0.56564
0.1053,0.370035
0.2672,0.52384
-0.3155,-0.029725
-0.3647,-0.076465
0.0976,0.36272
-0.3088,-0.02336
-0.2148,0.06594
0.4697,0.716215
0.1846,0.44537
-0.1239,0.152295
0.1616,0.42352
-0.2582,0.02471
0.4466,0.69427
0.1991,0.459145
0.0987,0.363765
0.2571,0.514245
0.0365,0.304675
-0.1029,0.172245
-0.4547,-0.161965
-0.4137,-0.123015
-0.2453,0.036965
0.3092,0.56374
-0.4216,-0.13052
-0.0349,0.236845
0.0513,0.318735
-0.2913,-0.006735
0.3641,0.615895
-0.28,0.004
-0.4068,-0.11646
0.2869,0.542555
0.352,0.6044
0.395,0.64525
0.0991,0.364145
-0.4266,-0.13527
0.3834,0.63423
0.239,0.49705
-0.1239,0.152295
-0.4596,-0.16662
0.3035,0.558325
0.1894,0.44993
-0.2434,0.03877
0.3877,0.638315
0.0677,0.334315
0.4498,0.69731
0.382,0.6329
-0.4902,-0.19569
0.2727,0.529065
0.1304,0.39388
0.1704,0.43188
0.4547,0.701965
-0.3633,-0.075135
-0.097,0.17785
-0.3603,-0.072285
-0.185,0.09425
-0.2594,0.02357
-0.45,-0.1575
-0.1934,0.08627
0.2944,0.54968
0.2276,0.48622
0.4714,0.71783
-0.1436,0.13358
-0.456,-0.1632
-0.3012,-0.01614
0.2208,0.47976
-0.0802,0.19381
-0.3377,-0.050815
-0.2751,0.008655
0.2339,0.492205
0.3979,0.648005
0.3568,0.60896
-0.4298,-0.13831
-0.457,-0.16415
-0.2059,0.074395
-0.4342,-0.14249
0.4351,0.683345
-0.2057,0.074585
0.3935,0.643825
0.4998,0.74481
0.2935,0.548825
0.4324,0.68078
-0.4386,-0.14667
-0.3038,-0.01861
-0.0282,0.24321
-0.4346,-0.14287
-0.1483,0.129115
-0.0441,0.228105
-0.2294,0.05207
-0.3364,-0.04958
0.1016,0.36652
0.001,0.27095
0.0354,0.30363
-0.4585,-0.165575
-0.0559,0.216895
0.4623,0.709185
-0.2634,0.01977
-0.4802,-0.18619
-0.419,-0.12805
-0.3634,-0.07523
-0.2238,0.05739
-0.2108,0.06974
-0.0032,0.26696
0.3735,0.624825
0.4284,0.67698
0.0996,0.36462
0.3605,0.612475
-0.1831,0.096055
-0.4297,-0.138215
0.4672,0.71384
0.1229,0.386755
-0.3992,-0.10924
-0.4881,-0.193695
0.0888,0.35436
0.3625,0.614375
-0.2839,0.000295
0.0042,0.27399
-0.3531,-0.065445
-0.3759,-0.087105
0.3205,0.574475
0.2912,0.54664
0.2958,0.55101
0.1603,0.422285
-0.1538,0.12389
-0.1386,0.13833
0.4383,0.686385
0.3316,0.58502
-0.4886,-0.19417
0.268,0.5246
-0.1276,0.14878
0.1045,0.369275
0.18,0.441
0.2923,0.547685
0.3837,0.634515
0.3777,0.628815
0.1339,0.397205
0.058,0.3251
0.2918,0.54721
-0.2946,-0.00987
0.1696,0.43112
0.3555,0.607725
0.0369,0.305055
0.3257,0.579415
0.4335,0.681825
0.1301,0.393595
-0.2398,0.04219
0.1742,0.43549
0.2292,0.48774
-0.1551,0.122655
0.3622,0.61409
-0.346,-0.0587
-0.0984,0.17652
0.0733,0.339635
0.2534,0.51073
-0.3286,-0.04217
-0.1702,0.10831
-0.3784,-0.08948
-0.1959,0.083895
-0.0523,0.220315
-0.277,0.00685
-0.0147,0.256035
0.1536,0.41592
-0.2139,0.066795
0.3051,0.559845
-0.1543,0.123415
-0.323,-0.03685
-0.4649,-0.171655
-0.0233,0.247865
-0.2918,-0.00721
-0.001,0.26905
0.2803,0.536285
-0.4374,-0.14553
-0.2919,-0.007305
0.0631,0.329945
0.2563,0.513485
-0.0765,0.197325
0.3528,0.60516
-0.3949,-0.105155
-0.1894,0.09007
-0.271,0.01255
0.2081,0.467695
0.1205,0.384475
0.2945,0.549775
0.2981,0.553195
-0.1525,0.125125
-0.2025,0.077625
0.0675,0.334125
0.1836,0.44442
0.059,0.32605
0.3528,0.60516
0.0528,0.32016
0.3709,0.622355
-0.3021,-0.016995
0.1162,0.38039
0.0445,0.312275
-0.3875,-0.098125
0.0998,0.36481
-0.3494,-0.06193
0.3049,0.559655
-0.1571,0.120755
0.1124,0.37678
0.0346,0.30287
-0.1398,0.13719
-0.4074,-0.11703
0.013,0.28235
-0.1664,0.11192
-0.2528,0.02984
0.4011,0.651045
0.2325,0.490875
-0.4444,-0.15218
-0.4486,-0.15617
0.4031,0.652945
0.1209,0.384855
-0.0516,0.22098
0.225,0.48375
0.4016,0.65152
0.3724,0.62378
-0.467,-0.17365
-0.3546,-0.06687
0.4107,0.660165
0.4949,0.740155
-0.4884,-0.19398
-0.27,0.0135
0.2262,0.48489
-0.3622,-0.07409
-0.1706,0.10793
-0.3173,-0.031435
0.4114,0.66083
-0.3326,-0.04597
0.3567,0.608865
-0.3344,-0.04768
0.2553,0.512535
0.1592,0.42124
-0.1225,0.153625
0.3785,0.629575
0.2808,0.53676
0.1127,0.377065
0.4307,0.679165
-0.0842,0.19001
0.3968,0.64696
0.4737,0.720015
0.2206,0.47957
0.2358,0.49401
-0.0021,0.268005
0.2095,0.469025
0.1915,0.451925
0.4906,0.73607
0.4286,0.67717
0.4186,0.66767
-0.1019,0.173195
0.1664,0.42808
-0.1942,0.08551
-0.4589,-0.165955
-0.4551,-0.162345
-0.0399,0.232095
0.355,0.60725
-0.4821,-0.187995
0.25,0.5075
0.4363,0.684485
0.0629,0.329755
-0.2312,0.05036
-0.1931,0.086555
-0.479,-0.18505
-0.4511,-0.158545
0.4965,0.741675
-0.0118,0.25879
-0.0679,0.205495
-0.1469,0.130445
0.1326,0.39597
0.0062,0.27589
-0.2646,0.01863
-0.1537,0.123985
0.2098,0.46931
0.3766,0.62777
0.3568,0.60896
-0.4082,-0.11779
-0.1002,0.17481
0.3015,0.556425
0.2918,0.54721
0.0559,0.323105
0.0414,0.30933
0.2436,0.50142
-0.0166,0.25423
0.2978,0.55291
-0.3841,-0.094895
0.2689,0.525455
0.2593,0.516335
0.1214,0.38533
-0.3155,-0.029725
0.2666,0.52327
-0.1627,0.115435
0.2191,0.478145
-0.4726,-0.17897
0.2345,0.492775
-0.4052,-0.11494
0.2617,0.518615
0.0373,0.305435
0.3239,0.577705
-0.2858,-0.00151
0.0285,0.297075
0.1728,0.43416
0.308,0.5626
0.2229,0.481755
-0.3797,-0.090715
0.035,0.30325
-0.4302,-0.13869
0.1131,0.377445
0.465,0.71175
-0.4727,-0.179065
0.2761,0.532295
-0.1455,0.131775
-0.2872,-0.00284
0.3615,0.613425
-0.4616,-0.16852
-0.4009,-0.110855
0.4046,0.65437
-0.2986,-0.01367
-0.1241,0.152105
0.0494,0.31693
-0.4333,-0.141635
-0.0332,0.23846
0.386,0.6367
-0.088,0.1864
0.3909,0.641355
0.2188,0.47786
-0.3808,-0.09176
0.3875,0.638125
-0.025,0.24625
0.4238,0.67261
0.2421,0.499995
0.1346,0.39787
-0.1469,0.130445
-0.3875,-0.098125
0.311,0.56545
-0.3515,-0.063925
-0.4524,-0.15978
0.3662,0.61789
0.4796,0.72562
0.3238,0.57761
-0.4979,-0.203005
-0.162,0.1161
-0.2651,0.018155
-0.118,0.1579
0.1099,0.374405
-0.0032,0.26696
-0.4538,-0.16111
0.0387,0.306765
-0.301,-0.01595
-0.4151,-0.124345
0.4274,0.67603
0.1246,0.38837
-0.0186,0.25233
0.0243,0.293085
-0.3694,-0.08093
0.0809,0.346855
-0.4157,-0.124915
-0.023,0.24815
0.156,0.4182
-0.4761,-0.182295
0.0931,0.358445
-0.4313,-0.139735
-0.2264,0.05492
0.0318,0.30021
0.168,0.4296
0.0497,0.317215
-0.0205,0.250525
-0.0801,0.193905
0.2629,0.519755
0.2001,0.460095
0.2777,0.533815
0.2392,0.49724
0.3994,0.64943
-0.2521,0.030505
-0.244,0.0382
0.4284,0.67698
0.1547,0.416965
0.0125,0.281875
0.0647,0.331465
0.0514,0.31883
0.2177,0.476815
-0.3716,-0.08302
-0.008,0.2624
-0.0186,0.25233
-0.4627,-0.169565
0.3458,0.59851
0.261,0.51795
0.0712,0.33764
-0.3015,-0.016425
0.2328,0.49116
-0.1622,0.11591
-0.2803,0.003715
0.4228,0.67166
0.2499,0.507405
-0.1562,0.12161
0.2563,0.513485
0.0299,0.298405
0.1817,0.442615
-0.4958,-0.20101
-0.2003,0.079715
-0.108,0.1674
-0.1386,0.13833
0.071,0.33745
0.0688,0.33536
0.0186,0.28767
-0.0329,0.238745
-0.4149,-0.124155
0.2504,0.50788
0.0834,0.34923
0.4673,0.713935
-0.3087,-0.023265
-0.0864,0.18792
-0.102,0.1731
0.1544,0.41668
-0.122,0.1541
0.2057,0.465415
0.0894,0.35493
-0.4793,-0.185335
-0.0332,0.23846
0.3628,0.61466
0.203,0.46285
0.0106,0.28007
-0.2063,0.074015
-0.1424,0.13472
-0.4494,-0.15693
0.2629,0.519755
-0.202,0.0781
0.0443,0.312085
-0.0265,0.244825
0.44,0.688
0.3769,0.628055
0.2051,0.464845
0.2758,0.53201
0.199,0.45905
0.2493,0.506835
-0.3392,-0.05224
-0.2423,0.039815
0.2864,0.54208
-0.3867,-0.097365
-0.2594,0.02357
0.0979,0.363005
-0.461,-0.16795
0.1325,0.395875
-0.4929,-0.198255
0.0078,0.27741
-0.3824,-0.09328
-0.0443,0.227915
-0.0327,0.238935
-0.3903,-0.100785
-0.0357,0.236085
0.469,0.71555
0.1112,0.37564
0.3777,0.628815
0.3452,0.59794
-0.457,-0.16415
0.0136,0.28292
0.337,0.59015
0.1857,0.446415
0.0011,0.271045
0.2602,0.51719
0.4908,0.73626
0.2523,0.509685
-0.1835,0.095675
-0.0513,0.221265
0.4555,0.702725
0.2115,0.470925
0.4955,0.740725
0.4836,0.72942
-0.0438,0.22839
-0.0442,0.22801
-0.3055,-0.020225
0.1862,0.44689
0.464,0.7108
-0.0543,0.218415
0.4503,0.697785
-0.4003,-0.110285
0.1399,0.402905
-0.0397,0.232285
-0.1249,0.151345
-0.0987,0.176235
-0.076,0.1978
0.3296,0.58312
-0.0776,0.19628
0.4561,0.703295
0.0521,0.319495
-0.0776,0.19628
0.2717,0.528115
-0.1003,0.174715
0.4802,0.72619
-0.168,0.1104
-0.0437,0.228485
0.0232,0.29204
0.3172,0.57134
-0.2887,-0.004265
0.1438,0.40661
-0.3499,-0.062405
0.1007,0.365665
0.4217,0.670615
0.1792,0.44024
0.2468,0.50446
-0.0177,0.253185
-0.2318,0.04979
-0.2438,0.03839
0.2006,0.46057
0.4595,0.706525
-0.3339,-0.047205
0.2382,0.49629
0.2078,0.46741
0.2258,0.48451
-0.0916,0.18298
0.0583,0.325385
-0.1864,0.09292
-0.0511,0.221455
-0.4856,-0.19132
-0.362,-0.0739
-0.105,0.17025
-0.1268,0.14954
0.2054,0.46513
-0.1254,0.15087
0.3976,0.64772
-0.255,0.02775
0.3212,0.57514
0.0888,0.35436
0.2545,0.511775
-0.0127,0.257935
-0.0111,0.259455
-0.3122,-0.02659
-0.096,0.1788
0.2204,0.47938
0.0839,0.349705
-0.3857,-0.096415
0.1108,0.37526
-0.435,-0.14325
-0.0836,0.19058
0.1706,0.43207
0.4333,0.681635
0.2467,0.504365
-0.0836,0.19058
0.0138,0.28311
0.1777,0.438815
0.1744,0.43568
0.1892,0.44974
-0.0747,0.199035
0.0698,0.33631
0.453,0.70035
0.1778,0.43891
0.4351,0.683345
0.4326,0.68097
-0.1552,0.12256
0.3732,0.62454
0.3024,0.55728
0.3762,0.62739
0.1409,0.403855
0.3784,0.62948
0.4501,0.697595
0.1101,0.374595
0.0537,0.321015
-0.1228,0.15334
0.3106,0.56507
-0.3345,-0.047775
0.3593,0.611335
-0.2245,0.056725
0.1663,0.427985
-0.4738,-0.18011
0.0733,0.339635
0.2469,0.504555
0.1042,0.36899
0.2631,0.519945
0.118,0.3821
0.261,0.51795
-0.0249,0.246345
0.4488,0.69636
0.1558,0.41801
0.4861,0.731795
0.3865,0.637175
-0.189,0.09045
-0.1177,0.158185
-0.0293,0.242165
0.0389,0.306955
-0.435,-0.14325
0.0037,0.273515
-0.2062,0.07411
-0.1259,0.150395
-0.3485,-0.061075
0.2443,0.502085
0.4717,0.718115
0.0331,0.301445
0.2386,0.49667
0.0894,0.35493
-0.333,-0.04635
-0.1836,0.09558
0.0302,0.29869
-0.1419,0.135195
0.2281,0.486695
-0.0989,0.176045
-0.2609,0.022145
0.476,0.7222
-0.0863,0.188015
0.4221,0.670995
0.1396,0.40262
0.2443,0.502085
-0.4609,-0.167855
-0.2438,0.03839
0.4267,0.675365
0.0424,0.31028
-0.2384,0.04352
-0.0126,0.25803
0.4742,0.72049
0.0991,0.364145
-0.4157,-0.124915
0.0669,0.333555
-0.2326,0.04903
-0.0463,0.226015
-0.0768,0.19704
0.4398,0.68781
-0.1976,0.08228
0.1078,0.37241
-0.4464,-0.15408
-0.256,0.0268
-0.4596,-0.16662
-0.3712,-0.08264
0.1184,0.38248
-0.3755,-0.086725
-0.1573,0.120565
-0.0183,0.252615
0.2948,0.55006
-0.0404,0.23162
0.4645,0.711275
-0.0978,0.17709
0.1013,0.366235
0.0302,0.29869
0.3104,0.56488
-0.0655,0.207775
-0.0218,0.24929
-0.0303,0.241215
-0.1215,0.154575
0.4191,0.668145
0.4185,0.667575
-0.1022,0.17291
-0.057,0.21585
-0.0746,0.19913
-0.2103,0.070215
-0.3067,-0.021365
-0.4383,-0.146385
0.3769,0.628055
0.0884,0.35398
-0.2939,-0.009205
-0.366,-0.0777
0.1119,0.376305
-0.0271,0.244255
-0.2265,0.054825
-0.4583,-0.165385
-0.222,0.0591
-0.2587,0.024235
-0.1247,0.151535
-0.0881,0.186305
-0.3244,-0.03818
0.4128,0.66216
0.1001,0.365095
-0.1708,0.10774
-0.3721,-0.083495
0.4204,0.66938
0.4308,0.67926
0.171,0.43245
-0.3257,-0.039415
0.4679,0.714505
0.4843,0.730085
-0.1342,0.14251
0.0338,0.30211
0.3921,0.642495
-0.2552,0.02756
0.4988,0.74386
-0.3794,-0.09043
0.0816,0.34752
-0.2514,0.03117
-0.3551,-0.067345
0.1901,0.450595
-0.0183,0.252615
0.1889,0.449455
0.0456,0.31332
-0.0026,0.26753
-0.2089,0.071545
0.1581,0.420195
-0.4703,-0.176785
-0.2418,0.04029
-0.2826,0.00153
-0.0895,0.184975
-0.4991,-0.204145
-0.3676,-0.07922
-0.2492,0.03326
0.2258,0.48451
0.3841,0.634895
0.4189,0.667955
-0.063,0.21015
-0.4904,-0.19588
0.3855,0.636225
-0.2054,0.07487
0.4052,0.65494
0.4795,0.725525
-0.2884,-0.00398
-0.484,-0.1898
0.2118,0.47121
0.1013,0.366235
-0.4208,-0.12976
0.1116,0.37602
-0.4964,-0.20158
-0.4625,-0.169375
-0.1637,0.114485
0.3129,0.567255
0.1385,0.401575
-0.2815,0.002575
0.408,0.6576
0.1397,0.402715
0.3309,0.584355
-0.1853,0.093965
-0.2367,0.045135
0.1911,0.451545
-0.0746,0.19913
0.2679,0.524505
-0.1034,0.17177
-0.0388,0.23314
-0.2992,-0.01424
0.3587,0.610765
-0.4876,-0.19322
0.4305,0.678975
0.3622,0.61409
0.3453,0.598035
-0.442,-0.1499
-0.1744,0.10432
0.1074,0.37203
-0.0424,0.22972
0.1634,0.42523
-0.3148,-0.02906
-0.4017,-0.111615
-0.0862,0.18811
-0.1545,0.123225
0.0012,0.27114
-0.0768,0.19704
0.3532,0.60554
-0.1018,0.17329
-0.2491,0.033355
0.2518,0.50921
0.0305,0.298975
-0.3957,-0.105915
-0.0105,0.260025
-0.2546,0.02813
-0.0195,0.251475
-0.2295,0.051975
-0.2783,0.005615
0.0769,0.343055
0.4111,0.660545
-0.3484,-0.06098
-0.2514,0.03117
0.1215,0.385425
-0.0763,0.197515
0.2414,0.49933
-0.3928,-0.10316
-0.3741,-0.085395
0.1725,0.433875
0.095,0.36025
-0.3399,-0.052905
-0.0113,0.259265
-0.0291,0.242355
0.1847,0.445465
0.3417,0.594615
0.3273,0.580935
-0.0535,0.219175
0.3063,0.560985
-0.0086,0.26183
-0.405,-0.11475
-0.2501,0.032405
-0.4102,-0.11969
0.3315,0.584925
0.0476,0.31522
-0.2745,0.009225
-0.0035,0.266675
-0.0363,0.235515
-0.0821,0.192005
-0.0942,0.18051
0.4677,0.714315
-0.3822,-0.09309
0.1359,0.399105
0.2594,0.51643
-0.4844,-0.19018
0.4501,0.697595
-0.0027,0.267435
0.1941,0.454395
-0.3343,-0.047585
0.0972,0.36234
0.1568,0.41896
0.1601,0.422095
0.3759,0.627105
-0.4765,-0.182675
-0.2561,0.026705
0.1555,0.417725
0.2812,0.53714
-0.3262,-0.03989
-0.4907,-0.196165
0.3815,0.632425
-0.4657,-0.172415
0.0609,0.327855
-0.4065,-0.116175
-0.1212,0.15486
-0.2981,-0.013195
0.1599,0.421905
-0.0708,0.20274
0.411,0.66045
-0.1077,0.167685
-0.1044,0.17082
0.4079,0.657505
-0.2543,0.028415
0.0168,0.28596
-0.1653,0.112965
-0.284,0.0002
-0.2929,-0.008255
-0.256,0.0268
0.4065,0.656175
0.0747,0.340965
0.0234,0.29223
0.2908,0.54626
0.4132,0.66254
-0.3229,-0.036755
-0.2424,0.03972
0.3437,0.596515
0.0923,0.357685
-0.4095,-0.119025
-0.2548,0.02794
-0.4703,-0.176785
-0.3054,-0.02013
0.4751,0.721345
-0.4081,-0.117695
-0.3901,-0.100595
-0.0581,0.214805
0.4707,0.717165
0.2416,0.49952
-0.0275,0.243875
-0.3452,-0.05794
-0.2235,0.057675
0.1932,0.45354
-0.2901,-0.005595
-0.4878,-0.19341
-0.3215,-0.035425
-0.1971,0.082755
-0.3839,-0.094705
0.2521,0.509495
0.4633,0.710135
0.2033,0.463135
0.3709,0.622355
-0.4616,-0.16852
-0.2157,0.065085
0.3078,0.56241
-0.0223,0.248815
-0.3777,-0.088815
-0.2406,0.04143
-0.3462,-0.05889
-0.3142,-0.02849
0.2905,0.545975
-0.0109,0.259645
0.3385,0.591575
0.3581,0.610195
0.0078,0.27741
0.2344,0.49268
0.009,0.27855
-0.4781,-0.184195
-0.3874,-0.09803
-0.1272,0.14916
0.0463,0.313985
0.2641,0.520895
-0.2978,-0.01291
-0.4794,-0.18543
0.0288,0.29736
-0.2417,0.040385
0.3284,0.58198
-0.4278,-0.13641
0.4085,0.658075
-0.1403,0.136715
0.4356,0.68382
-0.2714,0.01217
-0.4632,-0.17004
-0.2263,0.055015
0.1098,0.37431
-0.2223,0.058815
-0.2669,0.016445
-0.3386,-0.05167
-0.1478,0.12959
-0.4993,-0.204335
0.1019,0.366805
0.4185,0.667575
-0.1714,0.10717
-0.1646,0.11363
-0.0084,0.26202
0.1358,0.39901
-0.3073,-0.021935
0.4472,0.69484
-0.2728,0.01084
0.4667,0.713365
0.2872,0.54284
0.0818,0.34771
-0.1848,0.09444
-0.2647,0.018535
0.1622,0.42409
-0.2966,-0.01177
0.4342,0.68249
-0.4808,-0.18676
0.4413,0.689235
-0.2378,0.04409
0.363,0.61485
-0.4993,-0.204335
0.0563,0.323485
0.0045,0.274275
-0.4206,-0.12957
0.0447,0.312465
0.439,0.68705
-0.1385,0.138425
-0.1513,0.126265
0.0613,0.328235
0.4059,0.655605
0.2277,0.486315
0.404,0.6538
0.2905,0.545975
0.0655,0.332225
0.0917,0.357115
0.2478,0.50541
-0.0077,0.262685
0.2249,0.483655
-0.3549,-0.067155
-0.4061,-0.115795
0.2392,0.49724
0.1933,0.453635
-0.2413,0.040765
0.2059,0.465605
0.3212,0.57514
0.0028,0.27266
0.0721,0.338495
0.3169,0.571055
0.0033,0.273135
-0.2197,0.061285
-0.1298,0.14669
-0.2007,0.079335
-0.4404,-0.14838
0.1395,0.402525
0.32,0.574
0.3054,0.56013
0.0108,0.28026
-0.3256,-0.03932
0.3018,0.55671
-0.2301,0.051405
-0.0903,0.184215
0.2698,0.52631
-0.3245,-0.038275
0.0096,0.27912
-0.1365,0.140325
-0.2742,0.00951
0.3668,0.61846
0.2276,0.48622
0.0352,0.30344
-0.0253,0.245965
0.2705,0.526975
0.3039,0.558705
-0.1161,0.159705
-0.1873,0.092065
0.2586,0.51567
0.4157,0.664915
0.2063,0.465985
0.499,0.74405
-0.0271,0.244255
-0.0428,0.22934
0.2029,0.462755
-0.0259,0.245395
-0.068,0.2054
-0.1235,0.152675
-0.3161,-0.030295
-0.3595,-0.071525
0.1063,0.370985
-0.2437,0.038485
0.4124,0.66178
-0.4505,-0.157975
-0.0899,0.184595
0.1669,0.428555
0.329,0.58255
0.3463,0.598985
0.3116,0.56602
-0.2215,0.059575
0.2526,0.50997
-0.2698,0.01369
0.4847,0.730465
0.1688,0.43036
0.0171,0.286245
0.3272,0.58084
0.3039,0.558705
-0.4301,-0.138595
0.1779,0.439005
-0.2703,0.013215
0.3397,0.592715
0.0103,0.279785
-0.2418,0.04029
0.3613,0.613235
-0.3126,-0.02697
0.2554,0.51263
-0.2471,0.035255
-0.0834,0.19077
-0.0625,0.210625
0.2661,0.522795
0.44,0.688
0.264,0.5208
-0.1075,0.167875
-0.2138,0.06689
0.2481,0.505695
0.2879,0.543505
0.4414,0.68933
-0.2746,0.00913
-0.4976,-0.20272
0.4437,0.691515
-0.0681,0.205305
0.3819,0.632805
0.156,0.4182
-0.2493,0.033165
-0.4944,-0.19968
0.0932,0.35854
-0.0894,0.18507
-0.2098,0.07069
-0.0464,0.22592
0.2247,0.483465
-0.129,0.14745
0.1711,0.432545
0.282,0.5379
0.4287,0.677265
-0.3687,-0.080265
0.2378,0.49591
-0.0558,0.21699
-0.306,-0.0207
0.0313,0.299735
-0.3236,-0.03742
-0.2506,0.03193
0.1655,0.427225
0.0359,0.304105
0.1216,0.38552
-0.3936,-0.10392
-0.2249,0.056345
0.0126,0.28197
-0.3813,-0.092235
-0.2874,-0.00303
0.4907,0.736165
0.0288,0.29736
0.4687,0.715265
0.0252,0.29394
0.4742,0.72049
-0.3008,-0.01576
-0.3944,-0.10468
-0.4515,-0.158925
0.2541,0.511395
0.0404,0.30838
0.2495,0.507025
0.359,0.61105
-0.3916,-0.10202
0.4223,0.671185
0.0703,0.336785
-0.1597,0.118285
-0.1706,0.10793
0.0681,0.334695
0.3136,0.56792
0.1497,0.412215
-0.3632,-0.07504
-0.1518,0.12579
0.0613,0.328235
0.4659,0.712605
-0.2191,0.061855
0.3855,0.636225
-0.0619,0.211195
0.2648,0.52156
-0.3397,-0.052715
0.0141,0.283395
0.4502,0.69769
0.3939,0.644205
0.4428,0.69066
0.3491,0.601645
0.0038,0.27361
-0.3972,-0.10734
0.3598,0.61181
-0.2156,0.06518
-0.4905,-0.195975
-0.083,0.19115
0.1409,0.403855
0.1642,0.42599
0.2448,0.50256
0.4391,0.687145
0.1906,0.45107
-0.446,-0.1537
0.1294,0.39293
-0.4544,-0.16168
0.0957,0.360915
0.4529,0.700255
0.448,0.6956
0.3478,0.60041
0.0927,0.358065
-0.2616,0.02148
0.2766,0.53277
-0.3307,-0.044165
0.2477,0.505315
-0.4837,-0.189515
0.2581,0.515195
0.1037,0.368515
-0.1638,0.11439
-0.0361,0.235705
-0.3633,-0.075135
0.115,0.37925
0.0923,0.357685
0.2935,0.548825
0.3957,0.645915
-0.3747,-0.085965
0.348,0.6006
-0.1649,0.113345
0.0238,0.29261
-0.0635,0.209675
0.1485,0.411075
-0.1807,0.098335
0.0563,0.323485
-0.0879,0.186495
0.1736,0.43492
0.0736,0.33992
0.4456,0.69332
0.1848,0.44556
-0.1368,0.14004
-0.3411,-0.054045
-0.1221,0.154005
0.0898,0.35531
-0.293,-0.00835
-0.1493,0.128165
0.1052,0.36994
-0.1185,0.157425
0.0655,0.332225
-0.4618,-0.16871
0.0838,0.34961
-0.0543,0.218415
0.0009,0.270855
0.3446,0.59737
-0.1165,0.159325
-0.2342,0.04751
0.3296,0.58312
0.1236,0.38742
0.0928,0.35816
0.0748,0.34106
-0.1126,0.16303
0.3512,0.60364
0.3371,0.590245
-0.1193,0.156665
0.2667,0.523365
-0.1633,0.114865
-0.4784,-0.18448
-0.0136,0.25708
0.4398,0.68781
0.23,0.4885
-0.151,0.12655
0.2812,0.53714
0.2988,0.55386
0.0265,0.295175
-0.0214,0.24967
-0.0663,0.207015
-0.1908,0.08874
0.1004,0.36538
0.3267,0.580365
-0.4485,-0.156075
0.4974,0.74253
-0.3377,-0.050815
-0.0095,0.260975
-0.4933,-0.198635
0.2841,0.539895
0.4704,0.71688
0.2678,0.52441
0.2957,0.550915
0.0924,0.35778
-0.0259,0.245395
0.3075,0.562125
0.0272,0.29584
0.1797,0.440715
-0.3267,-0.040365
-0.2776,0.00628
-0.3312,-0.04464
0.2694,0.52593
-0.2221,0.059005
-0.4733,-0.179635
0.2345,0.492775
0.0082,0.27779
0.234,0.4923
-0.0723,0.201315
-0.2181,0.062805
0.0031,0.272945
0.4491,0.696645
-0.257,0.02585
0.1311,0.394545
0.0889,0.354455
-0.0411,0.230955
0.0832,0.34904
-0.3704,-0.08188
0.4292,0.67774
-0.3099,-0.024405
-0.2185,0.062425
-0.3769,-0.088055
-0.2102,0.07031
0.145,0.40775
0.2945,0.549775
-0.3346,-0.04787
0.1393,0.402335
-0.2561,0.026705
0.045,0.31275
0.2219,0.480805
0.3937,0.644015
0.0219,0.290805
-0.1975,0.082375
-0.115,0.16075
0.1327,0.396065
0.386,0.6367
0.1327,0.396065
0.0481,0.315695
-0.4292,-0.13774
0.2332,0.49154
-0.3022,-0.01709
0.1422,0.40509
-0.2219,0.059195
-0.2181,0.062805
-0.3466,-0.05927
-0.0392,0.23276
-0.0289,0.242545
0.4881,0.733695
-0.1537,0.123985
-0.2333,0.048365
-0.219,0.06195
-0.4265,-0.135175
-0.1328,0.14384
-0.3645,-0.076275
0.4307,0.679165
0.3265,0.580175
-0.1925,0.087125
0.4155,0.664725
0.3422,0.59509
-0.4092,-0.11874
-0.3849,-0.095655
-0.3164,-0.03058
0.246,0.5037
-0.276,0.0078
-0.1217,0.154385
-0.4507,-0.158165
0.1647,0.426465
-0.1471,0.130255
-0.4519,-0.159305
0.0625,0.329375
0.3928,0.64316
0.1721,0.433495
0.399,0.64905
-0.2743,0.009415
-0.1561,0.121705
-0.4036,-0.11342
-0.4434,-0.15123
-0.3137,-0.028015
-0.3921,-0.102495
-0.1966,0.08323
-0.4575,-0.164625
0.2286,0.48717
0.2982,0.55329
-0.4953,-0.200535
-0.488,-0.1936
0.0305,0.298975
0.4631,0.709945
-0.3643,-0.076085
-0.3461,-0.058795
0.3319,0.585305
0.2624,0.51928
-0.367,-0.07865
-0.4177,-0.126815
-0.1201,0.155905
0.4608,0.70776
-0.4694,-0.17593
-0.0117,0.258885
-0.3329,-0.046255
-0.3447,-0.057465
0.3905,0.640975
-0.0797,0.194285
0.105,0.36975
-0.0085,0.261925
-0.2216,0.05948
-0.2388,0.04314
-0.4316,-0.14002
0.2003,0.460285
0.2359,0.494105
-0.4487,-0.156265
-0.0252,0.24606
-0.315,-0.02925
-0.347,-0.05965
0.3983,0.648385
0.1094,0.37393
0.165,0.42675
-0.0542,0.21851
0.3438,0.59661
0.3841,0.634895
0.1086,0.37317
0.2736,0.52992
0.1251,0.388845
-0.3774,-0.08853
-0.1859,0.093395
0.0215,0.290425
-0.15,0.1275
0.4821,0.727995
-0.0628,0.21034
0.1221,0.385995
-0.1486,0.12883
0.4308,0.67926
-0.3488,-0.06136
-0.4997,-0.204715
-0.1456,0.13168
0.166,0.4277
-0.1493,0.128165
0.2868,0.54246
0.3171,0.571245
0.0048,0.27456
-0.2544,0.02832
0.4914,0.73683
-0.1044,0.17082
-0.4183,-0.127385
-0.1451,0.132155
-0.4703,-0.176785
-0.2827,0.001435
-0.1526,0.12503
0.1737,0.435015
0.2961,0.551295
0.018,0.2871
-0.2467,0.035635
0.4199,0.668905
-0.2489,0.033545
-0.3278,-0.04141
-0.3754,-0.08663
0.0869,0.352555
0.4088,0.65836
0.2661,0.522795
0.0453,0.313035
0.4015,0.651425
-0.1295,0.146975
-0.3224,-0.03628
-0.0334,0.23827
-0.1873,0.092065
-0.0907,0.183835
0.1706,0.43207
0.324,0.5778
0.372,0.6234
0.4182,0.66729
0.2051,0.464845
0.0747,0.340965
-0.1721,0.106505
0.2232,0.48204
-0.1527,0.124935
0.3532,0.60554
-0.3001,-0.015095
0.4223,0.671185
-0.0688,0.20464
0.4036,0.65342
-0.4257,-0.134415
-0.2069,0.073445
-0.1781,0.100805
0.2834,0.53923
0.4886,0.73417
0.4659,0.712605
0.0919,0.357305
0.2991,0.554145
-0.2287,0.052735
-0.4264,-0.13508
-0.2781,0.005805
-0.4567,-0.163865
-0.3363,-0.049485
0.1002,0.36519
-0.4609,-0.167855
-0.4712,-0.17764
0.2271,0.485745
-0.1758,0.10299
-0.2243,0.056915
-0.3205,-0.034475
-0.3748,-0.08606
0.2749,0.531155
-0.2167,0.064135
-0.2419,0.040195
0.1672,0.42884
0.1008,0.36576
-0.0073,0.263065
-0.3651,-0.076845
-0.3045,-0.019275
0.3196,0.57362
-0.039,0.23295
-0.3491,-0.061645
-0.1792,0.09976
0.3871,0.637745
0.4849,0.730655
-0.31,-0.0245
-0.4438,-0.15161
-0.0439,0.228295
-0.4914,-0.19683
0.2972,0.55234
0.0523,0.319685
-0.1675,0.110875
-0.0552,0.21756
0.3908,0.64126
-0.0973,0.177565
0.0281,0.296695
0.1658,0.42751
0.493,0.73835
0.3889,0.639455
-0.3905,-0.100975
0.1718,0.43321
0.3607,0.612665
-0.1125,0.163125
0.1609,0.422855
-0.3585,-0.070575
0.3461,0.598795
-0.1769,0.101945
0.2714,0.52783
-0.4672,-0.17384
0.2073,0.466935
-0.0642,0.20901
-0.2844,-0.00018
0.2605,0.517475
-0.0627,0.210435
-0.316,-0.0302
-0.3758,-0.08701
0.3175,0.571625
-0.1777,0.101185
0.2055,0.465225
-0.0699,0.203595
-0.457,-0.16415
0.3445,0.597275
0.4169,0.666055
0.4305,0.678975
-0.2268,0.05454
-0.3598,-0.07181
0.2168,0.47596
0.0116,0.28102
-0.4056,-0.11532
-0.2826,0.00153
-0.3315,-0.044925
0.211,0.47045
-0.3039,-0.018705
0.2627,0.519565
0.0586,0.32567
-0.4376,-0.14572
0.0798,0.34581
-0.4299,-0.138405
0.3014,0.55633
0.3532,0.60554
-0.2575,0.025375
-0.2699,0.013595
-0.0989,0.176045
-0.2825,0.001625
0.0078,0.27741
0.1461,0.408795
0.333,0.58635
0.3842,0.63499
-0.2149,0.065845
0.1112,0.37564
-0.3084,-0.02298
-0.0599,0.213095
-0.2113,0.069265
-0.418,-0.1271
-0.3951,-0.105345
-0.2264,0.05492
-0.1201,0.155905
-0.0061,0.264205
0.3508,0.60326
0.0106,0.28007
-0.3899,-0.100405
-0.2705,0.013025
-0.1669,0.111445
0.4775,0.723625
0.0636,0.33042
-0.058,0.2149
0.0238,0.29261
0.3958,0.64601
0.0181,0.287195
0.3986,0.64867
-0.1949,0.084845
-0.1457,0.131585
-0.4224,-0.13128
0.1599,0.421905
-0.3988,-0.10886
0.0456,0.31332
-0.2471,0.035255
0.4724,0.71878
0.2604,0.51738
0.2647,0.521465
-0.4429,-0.150755
0.2136,0.47292
-0.2806,0.00343
0.2062,0.46589
-0.4945,-0.199775
0.3674,0.61903
-0.4003,-0.110285
0.1692,0.43074
-0.0497,0.222785
0.121,0.38495
-0.4254,-0.13413
-0.4715,-0.177925
-0.2307,0.050835
0.1727,0.434065
-0.1174,0.15847
0.3436,0.59642
0.1189,0.382955
-0.2667,0.016635
0.3893,0.639835
0.0493,0.316835
0.0555,0.322725
0.3206,0.57457
-0.2062,0.07411
0.0542,0.32149
0.2975,0.552625
0.0456,0.31332
0.3245,0.578275
-0.261,0.02205
-0.4818,-0.18771
-0.3218,-0.03571
-0.1044,0.17082
0.0041,0.273895
0.1265,0.390175
0.4754,0.72163
-0.4836,-0.18942
-0.4219,-0.130805
-0.2526,0.03003
-0.0555,0.217275
-0.2384,0.04352
0.2909,0.546355
-0.0685,0.204925
0.2231,0.481945
-0.4622,-0.16909
0.4365,0.684675
-0.3662,-0.07789
0.1218,0.38571
0.2696,0.52612
-0.3749,-0.086155
0.0272,0.29584
-0.4128,-0.12216
-0.0075,0.262875
0.3123,0.566685
-0.4392,-0.14724
-0.2869,-0.002555
0.1322,0.39559
0.0789,0.344955
0.186,0.4467
0.0118,0.28121
-0.1275,0.148875
-0.166,0.1123
0.4835,0.729325
0.4531,0.700445
-0.1267,0.149635
0.2308,0.48926
-0.1849,0.094345
0.3291,0.582645
-0.1064,0.16892
0.4928,0.73816
0.435,0.68325
0.2528,0.51016
-0.0507,0.221835
0.3873,0.637935
0.0553,0.322535
0.2736,0.52992
-0.4842,-0.18999
-0.1767,0.102135
-0.3533,-0.065635
-0.499,-0.20405
0.0894,0.35493
0.1091,0.373645
-0.3771,-0.088245
-0.0377,0.234185
0.4645,0.711275
0.2315,0.489925
-0.0013,0.268765
0.0914,0.35683
-0.0472,0.22516
-0.4319,-0.140305
0.2425,0.500375
0.4935,0.738825
0.1335,0.396825
0.4768,0.72296
-0.0942,0.18051
0.2325,0.490875
0.2262,0.48489
-0.1057,0.169585
0.1224,0.38628
0.2515,0.508925
0.141,0.40395
0.1619,0.423805
0.2838,0.53961
-0.4642,-0.17099
0.1364,0.39958
-0.3714,-0.08283
0.4769,0.723055
0.1976,0.45772
-0.3845,-0.095275
-0.34,-0.053
0.2543,0.511585
0.1173,0.381435
0.2253,0.484035
0.133,0.39635
0.1181,0.382195
0.1441,0.406895
0.43,0.6785
0.03,0.2985
-0.2166,0.06423
0.0733,0.339635
0.0938,0.35911
0.0397,0.307715
0.1234,0.38723
0.3266,0.58027
-0.0255,0.245775
-0.4645,-0.171275
-0.3417,-0.054615
0.2998,0.55481
0.1589,0.420955
0.2134,0.47273
0.4098,0.65931
-0.3181,-0.032195
-0.4461,-0.153795
-0.1687,0.109735
-0.2954,-0.01063
-0.0666,0.20673
-0.1483,0.129115
0.3955,0.645725
0.455,0.70225
0.0517,0.319115
0.1323,0.395685
-0.2513,0.031265
0.3213,0.575235
0.4695,0.716025
0.1956,0.45582
-0.3725,-0.083875
-0.1416,0.13548
0.2116,0.47102
0.0554,0.32263
-0.1473,0.130065
0.3864,0.63708
0.1161,0.380295
-0.1878,0.09159
-0.0083,0.262115
-0.3497,-0.062215
-0.4644,-0.17118
0.2361,0.494295
0.0537,0.321015
0.2487,0.506265
0.4957,0.740915
-0.1186,0.15733
-0.2817,0.002385
0.4728,0.71916
0.4568,0.70396
0.4806,0.72657
0.3091,0.563645
0.0137,0.283015
0.089,0.35455
-0.402,-0.1119
-0.3597,-0.071715
-0.4318,-0.14021
0.1424,0.40528
-0.2258,0.05549
-0.1607,0.117335
-0.194,0.0857
-0.1601,0.117905
-0.0616,0.21148
-0.0161,0.254705
0.1929,0.453255
0.3929,0.643255
0.1066,0.37127
-0.019,0.25195
-0.3746,-0.08587
0.1971,0.457245
-0.1946,0.08513
0.1358,0.39901
-0.2735,0.010175
0.3264,0.58008
-0.314,-0.0283
-0.03,0.2415
0.3357,0.588915
0.348,0.6006
-0.0652,0.20806
-0.1371,0.139755
0.0497,0.317215
0.2226,0.48147
0.1709,0.432355
-0.4882,-0.19379
0.3455,0.598225
-0.1926,0.08703
-0.0898,0.18469
-0.4605,-0.167475
0.1394,0.40243
0.0167,0.285865
-0.3399,-0.052905
-0.0178,0.25309
0.48,0.726
-0.0278,0.24359
-0.3053,-0.020035
-0.3177,-0.031815
-0.136,0.1408
-0.1544,0.12332
0.4639,0.710705
0.4266,0.67527
0.4624,0.70928
0.2117,0.471115
-0.0822,0.19191
0.429,0.67755
-0.3501,-0.062595
0.3273,0.580935
-0.4929,-0.198255
-0.3041,-0.018895
-0.1452,0.13206
-0.3565,-0.068675
0.4197,0.668715
-0.2271,0.054255
0.1966,0.45677
0.2883,0.543885
-0.1298,0.14669
-0.3991,-0.109145
-0.2665,0.016825
-0.3666,-0.07827
0.3652,0.61694
0.4357,0.683915
0.2512,0.50864
-0.2984,-0.01348
0.3025,0.557375
-0.3154,-0.02963
0.3302,0.58369
-0.0054,0.26487
0.0539,0.321205
-0.1624,0.11572
-0.3868,-0.09746
-0.1628,0.11534
-0.482,-0.1879
-0.2267,0.054635
0.3754,0.62663
-0.358,-0.0701
-0.1857,0.093585
-0.2107,0.069835
0.2984,0.55348
-0.3829,-0.093755
-0.3227,-0.036565
0.3343,0.587585
0.3766,0.62777
0.083,0.34885
-0.0595,0.213475
-0.2036,0.07658
-0.0664,0.20692
0.4062,0.65589
0.4764,0.72258
0.3041,0.558895
-0.4982,-0.20329
-0.4037,-0.113515
-0.033,0.23865
-0.3811,-0.092045
0.0064,0.27608
0.2848,0.54056
-0.3005,-0.015475
-0.0562,0.21661
0.3997,0.649715
0.0908,0.35626
-0.4513,-0.158735
0.4537,0.701015
-0.3376,-0.05072
0.2217,0.480615
0.1932,0.45354
-0.2397,0.042285
-0.4768,-0.18296
0.4793,0.725335
-0.3791,-0.090145
0.3444,0.59718
0.257,0.51415
0.252,0.5094
0.1002,0.36519
0.2886,0.54417
-0.4267,-0.135365
-0.202,0.0781
0.0161,0.285295
-0.1012,0.17386
-0.0781,0.195805
-0.1105,0.165025
-0.1156,0.16018
-0.335,-0.04825
-0.0696,0.20388
0.2116,0.47102
-0.4562,-0.16339
0.438,0.6861
0.1758,0.43701
0.2387,0.496765
-0.1313,0.145265
-0.2406,0.04143
-0.0933,0.181365
-0.4837,-0.189515
-0.1963,0.083515
-0.3036,-0.01842
-0.0148,0.25594
0.346,0.5987
-0.0507,0.221835
-0.0261,0.245205
-0.2065,0.073825
0.1722,0.43359
-0.4422,-0.15009
-0.3393,-0.052335
-0.0624,0.21072
-0.1182,0.15771
-0.0803,0.193715
-0.4039,-0.113705
-0.2142,0.06651
0.0548,0.32206
0.0464,0.31408
-0.3735,-0.084825
0.184,0.4448
-0.3742,-0.08549
-0.3187,-0.032765
0.0459,0.313605
-0.2762,0.00761
-0.3324,-0.04578
-0.3453,-0.058035
0.0628,0.32966
-0.2608,0.02224
-0.2395,0.042475
0.3229,0.576755
-0.1159,0.159895
0.2497,0.507215
-0.1103,0.165215
-0.0521,0.220505
-0.4919,-0.197305
0.4925,0.737875
0.2682,0.52479
-0.3204,-0.03438
-0.4022,-0.11209
-0.4062,-0.11589
0.1952,0.45544
0.2351,0.493345
-0.4708,-0.17726
-0.456,-0.1632
-0.1679,0.110495
0.0081,0.277695
-0.0941,0.180605
0.389,0.63955
-0.1661,0.112205
0.0981,0.363195
0.2488,0.50636
0.4172,0.66634
-0.2055,0.074775
-0.246,0.0363
-0.017,0.25385
0.1877,0.448315
0.2393,0.497335
-0.0798,0.19419
-0.2074,0.07297
-0.4177,-0.126815
0.1748,0.43606
-0.0201,0.250905
0.0332,0.30154
-0.428,-0.1366
0.3605,0.612475
-0.4549,-0.162155
0.0227,0.291565
0.498,0.7431
-0.492,-0.1974
-0.1882,0.09121
-0.0791,0.194855
0.2843,0.540085
-0.303,-0.01785
0.3302,0.58369
-0.4936,-0.19892
-0.1639,0.114295
0.3059,0.560605
-0.156,0.1218
-0.1364,0.14042
0.3115,0.565925
-0.4197,-0.128715
0.2265,0.485175
0.061,0.32795
-0.2402,0.04181
-0.259,0.02395
0.0977,0.362815
-0.3819,-0.092805
-0.0204,0.25062
-0.475,-0.18125
0.4643,0.711085
-0.4264,-0.13508
-0.4641,-0.170895
-0.0755,0.198275
-0.1471,0.130255
-0.3007,-0.015665
0.4536,0.70092
-0.0931,0.181555
-0.1874,0.09197
0.1165,0.380675
0.2345,0.492775
0.4888,0.73436
0.2719,0.528305
0.306,0.5607
0.1544,0.41668
-0.4249,-0.133655
-0.2469,0.035445
0.1298,0.39331
-0.1909,0.088645
-0.2722,0.01141
0.4714,0.71783
0.1074,0.37203
-0.4002,-0.11019
0.4556,0.70282
-0.4339,-0.142205
-0.4077,-0.117315
0.3673,0.618935
-0.1396,0.13738
-0.3019,-0.016805
0.2682,0.52479
-0.0271,0.244255
0.1956,0.45582
-0.2848,-0.00056
-0.4179,-0.127005
-0.3234,-0.03723
0.2887,0.544265
-0.2145,0.066225
0.2564,0.51358
-0.0479,0.224495
0.3013,0.556235
0.0474,0.31503
-0.175,0.10375
-0.2817,0.002385
0.2751,0.531345
-0.1685,0.109925
-0.0239,0.247295
0.2073,0.466935
0.1799,0.440905
-0.1218,0.15429
0.441,0.68895
0.0335,0.301825
0.2583,0.515385
0.2049,0.464655
-0.067,0.20635
0.4518,0.69921
-0.1751,0.103655
0.2676,0.52422
0.0085,0.278075
0.3643,0.616085
-0.1384,0.13852
-0.0337,0.237985
-0.065,0.20825
-0.4594,-0.16643
-0.3866,-0.09727
0.4328,0.68116
0.2588,0.51586
0.1944,0.45468
0.3794,0.63043
0.3678,0.61941
0.3454,0.59813
-0.187,0.09235
-0.0732,0.20046
0.2512,0.50864
-0.004,0.2662
0.021,0.28995
0.096,0.3612
-0.3406,-0.05357
-0.2987,-0.013765
-0.0635,0.209675
-0.3866,-0.09727
-0.0897,0.184785
0.4549,0.702155
-0.4833,-0.189135
-0.3787,-0.089765
-0.1699,0.108595
0.4235,0.672325
-0.3728,-0.08416
-0.0682,0.20521
-0.4687,-0.175265
-0.4565,-0.163675
0.4085,0.658075
0.369,0.62055
0.3245,0.578275
-0.1808,0.09824
-0.0817,0.192385
0.3491,0.601645
-0.3976,-0.10772
0.3939,0.644205
-0.1329,0.143745
-0.1314,0.14517
0.0075,0.277125
0.4204,0.66938
0.3033,0.558135
-0.0692,0.20426
-0.0554,0.21737
0.1604,0.42238
-0.3295,-0.043025
0.0791,0.345145
0.4131,0.662445
0.2793,0.535335
0.1203,0.384285
0.0132,0.28254
-0.0503,0.222215
0.1012,0.36614
-0.1852,0.09406
-0.1397,0.137285
0.0612,0.32814
0.2084,0.46798
0.2404,0.49838
-0.184,0.0952
-0.3383,-0.051385
-0.0913,0.183265
0.478,0.7241
-0.2829,0.001245
-0.2496,0.03288
-0.4882,-0.19379
-0.3609,-0.072855
-0.3124,-0.02678
0.3043,0.559085
0.4613,0.708235
0.3607,0.612665
0.1394,0.40243
-0.2785,0.005425
0.4112,0.66064
-0.2933,-0.008635
0.2946,0.54987
-0.4201,-0.129095
0.407,0.65665
-0.2334,0.04827
-0.2243,0.056915
0.2602,0.51719
-0.2064,0.07392
-0.2151,0.065655
0.4728,0.71916
-0.0239,0.247295
0.173,0.43435
-0.0043,0.265915
0.4892,0.73474
0.1978,0.45791
-0.0099,0.260595
0.4775,0.723625
-0.3794,-0.09043
0.0621,0.328995
-0.4501,-0.157595
0.193,0.45335
-0.3454,-0.05813
0.1204,0.38438
0.4072,0.65684
-0.157,0.12085
-0.1993,0.080665
-0.0873,0.187065
0.25,0.5075
-0.2896,-0.00512
-0.1823,0.096815
0.3528,0.60516
-0.4828,-0.18866
0.1138,0.37811
0.1515,0.413925
-0.4855,-0.191225
0.1209,0.384855
0.214,0.4733
-0.115,0.16075
0.4117,0.661115
-0.3049,-0.019655
0.4952,0.74044
0.327,0.58065
0.2094,0.46893
-0.3014,-0.01633
-0.3103,-0.024785
0.2878,0.54341
-0.4529,-0.160255
0.4365,0.684675
0.1463,0.408985
0.1939,0.454205
-0.1797,0.099285
-0.0761,0.197705
0.0643,0.331085
-0.156,0.1218
0.0836,0.34942
-0.3347,-0.047965
0.0031,0.272945
0.1378,0.40091
-0.3438,-0.05661
0.1687,0.430265
0.3406,0.59357
